it,time,Mass,Momentum,Epot,Ekin,Etot,L2norm,incomp_error,rho_1,rho_2,rho_3,rho_4,rho_5
1,0.2,31.4159265358981,5.87360025131142e-15,0.463936205632782,157.084541417959,157.548477623591,4.43722107456094,0,6.22191546247833,0.00607276573953399,6.55630843477614e-06,7.32329323135004e-09,8.25919129383174e-12
2,0.4,31.415926535898,5.51557461011615e-15,0.389633025979271,157.136945523883,157.526578549862,4.43722107456091,0,5.70193384367154,0.0209257779223586,8.31125340820138e-05,3.32892937545583e-07,1.29183975130009e-09
3,0.6,31.415926535898,6.43773862140813e-15,0.285602532464525,157.229144625404,157.514747157868,4.43722107456092,0,4.88172275115305,0.0359301829561304,0.000268710088614837,1.81763003704106e-06,9.05519537523777e-09
4,0.8,31.4159265358983,5.3645005501604e-15,0.175523880945766,157.339577059652,157.515100940598,4.43722107456099,0,3.82698613892653,0.041035598771244,0.000365344485380706,7.84775939788582e-07,7.4332907131271e-08
5,1,31.4159265358943,6.64903172490916e-15,0.0824022557947529,157.44391053373,157.526312789525,4.43722107455972,0,2.62215101648155,0.0295083472836694,2.66219315038364e-05,1.71132885043903e-05,7.32809932036482e-07
6,1.2,31.4159265358944,6.93807162626339e-15,0.0222809610000387,157.521848869585,157.544129830585,4.43722107455909,0,1.36352116728709,0.00169640434290387,0.00109252152996636,6.06874044928288e-05,2.23879867428988e-06
7,1.4,31.4159265359041,4.76240031692312e-15,0.000278340022260652,157.562492578771,157.562770918794,4.43722107456084,0,0.151459761851824,0.03375680971319,0.00231091119993041,9.45935069267969e-05,2.52079695942901e-06
8,1.6,31.415926535908,5.35757465164695e-15,0.0101052437105508,157.566653881575,157.576759125285,4.43722107456188,0,0.917743050731942,0.0619406837562895,0.00242326899569365,3.68254559352376e-05,2.13880921526947e-06
9,1.8,31.4159265358971,5.35145022809158e-15,0.0371201017340332,157.545490474789,157.582610576523,4.43722107456075,0,1.75963329998869,0.0664617003771738,0.000153410200275866,0.000154890541398859,9.49374042438217e-06
10,2,31.4159265359061,4.94345154335328e-15,0.0638612502039059,157.515983890553,157.579845140757,4.4372210745623,0,2.30834560881557,0.0354482640178203,0.00465654473866465,0.000371442845852004,7.08962686752061e-06
11,2.2,31.4159265358992,4.50511830593893e-15,0.0762171402922327,157.494785550461,157.571002690753,4.43722107456018,0,2.52180485017371,0.0333046823241593,0.0103352718933089,0.000375845278671829,1.31632537520784e-05
12,2.4,31.4159265358072,4.66594199800551e-15,0.0682184019740345,157.492458339079,157.560676741053,4.4372210745495,0,2.38497496366046,0.129969898613424,0.013853188350654,2.25037356889019e-05,3.49069168259823e-05
13,2.6,31.4159265358471,6.12524477300991e-15,0.0439257206448319,157.509976284847,157.553902005492,4.43722107455341,0,1.91090741477006,0.234184520869696,0.0124863138615588,0.000517153631813752,2.9157694298933e-05
14,2.8,31.4159265358726,3.74530681048512e-15,0.015868462722061,157.538567061333,157.554435524055,4.43722107455647,0,1.13950438516214,0.320241196313565,0.00574645140811919,0.000814026373799099,3.49861649665453e-06
15,3,31.4159265359167,6.86981869959976e-15,0.00061361445481505,157.562871269403,157.563484883857,4.43722107456284,0,0.134082339091302,0.364539032772741,0.00376757195785906,0.000564883938789817,2.20069384878611e-05
16,3.2,31.4159265359717,6.0237093987149e-15,0.0129398764593592,157.566333194596,157.579273071056,4.43722107457245,0,1.02399934654031,0.353005981855527,0.0114199311554169,5.33077224424489e-05,2.43194683124966e-06
17,3.4,31.4159265358855,6.12894729816541e-15,0.0604958774389817,157.537062793816,157.597558671255,4.43722107456156,0,2.2422041984278,0.286079760537849,0.0130882761378681,0.00047564409225665,3.87651521393074e-05
18,3.6,31.4159265359637,5.66255641907848e-15,0.140645455391409,157.472295152434,157.612940607826,4.43722107456769,0,3.4245903319467,0.179521200614069,0.00770260648759677,0.0002753398236795,3.38253546329989e-05
19,3.8,31.4159265360705,3.60130758757984e-15,0.240518702194914,157.380024168609,157.620542870804,4.43722107460359,0,4.47980905365814,0.0606281125177927,0.00190996861504001,0.000389413361667901,9.37486610990614e-06
20,4,31.4159265359567,3.35206812160423e-15,0.340289541266172,157.277263398597,157.617552939863,4.43722107453784,0,5.32863908156446,0.0391096028070818,0.0105684198743148,0.000902206920290506,3.13291721682235e-05
21,4.2,31.4159265362587,6.5048378031288e-15,0.418673328460854,157.185445619484,157.604118947945,4.43722107463432,0,5.91043140521678,0.0927171510017798,0.0138181910660478,0.000796611746007597,1.09297479363909e-06
22,4.4,31.4159265358927,5.40621559582432e-15,0.45890847563123,157.124398964936,157.583307440567,4.43722107454452,0,6.18796308385403,0.0851476344752925,0.0106372979123519,0.000218903867155366,4.03791524935718e-05
23,4.6,31.4159265359537,4.97927023285813e-15,0.453325587972923,157.106813112964,157.560138700936,4.43722107455762,0,6.15034829269344,0.0171178802317571,0.00403300466995083,0.00024816564066167,4.41572837740401e-05
24,4.8,31.4159265360295,4.93015606425555e-15,0.405098618603528,157.13493706475,157.540035683354,4.43722107458818,0,5.81380762149332,0.0958278774278691,0.000860850463893994,0.000207156013155374,2.36288973092441e-05
25,5,31.4159265360326,5.39455056032319e-15,0.326738335997568,157.200477122546,157.527215458544,4.43722107458294,0,5.22024464294891,0.228749592778801,6.53999541224276e-05,0.000163712566223478,2.53900128872594e-05
26,5.2,31.4159265359356,3.9729380463454e-15,0.235964121500812,157.287581663885,157.523545785386,4.4372210745669,0,4.4337288023437,0.355544851185218,0.00757699894406976,0.00035699209531962,5.69225622166578e-05
27,5.4,31.4159265359864,3.31065651449271e-15,0.150396885542116,157.377809706421,157.528206591963,4.43722107458289,0,3.53514259341275,0.457373535216723,0.0191053301027774,0.000103339477231038,8.84555690436975e-05
28,5.6,31.4159265359771,5.07409012290682e-15,0.0828150202654717,157.455407488733,157.538222508999,4.43722107457877,0,2.61541296104239,0.528561827504151,0.0309723313785741,0.000396488298176885,0.000113656806446506
29,5.8,31.4159265358764,5.7498064455349e-15,0.0384592923586818,157.511202847632,157.549662139991,4.43722107455326,0,1.76788956475453,0.578058435061807,0.0411689597944296,0.000799820134654521,0.000160241668545948
30,6,31.4159265359515,3.84750953924189e-15,0.0151693510314331,157.543931292539,157.559100643571,4.43722107456082,0,1.08052618721834,0.625953868641828,0.0506538476145263,0.00105369277454544,0.00024217285801296
31,6.2,31.415926536075,5.15107468282586e-15,0.00619186269149562,157.558665681122,157.564857543813,4.43722107460224,0,0.628543388157223,0.696191771970814,0.0622170468408929,0.00136270730848676,0.000352531122045126
32,6.4,31.4159265359346,4.40815734772633e-15,0.00459041342604077,157.562990591618,157.567581005044,4.43722107456315,0,0.46819703302136,0.807856298395981,0.0777331626028327,0.00172293358784307,0.00051536800626079
33,6.6,31.4159265360559,5.57513961432914e-15,0.00760830747094363,157.562350013582,157.569958321053,4.43722107458842,0,0.632164839386816,0.96789853204217,0.0958468652896458,0.001633335647011,0.000791209340552529
34,6.8,31.4159265362807,4.85829959876695e-15,0.0193212967546782,157.556318509518,157.575639806273,4.43722107462942,0,1.12691704518475,1.16772210070815,0.11191487344475,0.000440014319908276,0.00119634682526783
35,7,31.415926535599,4.16346935678168e-15,0.050510554047822,157.537244190776,157.587754744823,4.43722107448656,0,1.93227823367833,1.38483311469646,0.120497689680064,0.00197558220288022,0.00165409723026871
36,7.2,31.4159265361156,3.8579983583949e-15,0.115674924077473,157.491871706361,157.607546630438,4.43722107461021,0,3.003221613895,1.58915486200675,0.118898003045089,0.00491894379748632,0.00207175033352294
37,7.4,31.4159265364216,3.72077773109571e-15,0.228106027258858,157.405495655496,157.633601682755,4.43722107464773,0,4.27376256336773,1.75211498538809,0.10942876729324,0.00738455525178208,0.00244882910132529
38,7.6,31.4159265363869,5.96640051633821e-15,0.394610111588886,157.267319442844,157.661929554432,4.43722107463408,0,5.662636755609,1.85571131970054,0.0988504341554854,0.00887382237844546,0.00286942419019847
39,7.8,31.4159265364131,4.88631174022962e-15,0.611586529546306,157.075290005797,157.686876535343,4.43722107464862,0,7.08027517857774,1.8987576753892,0.0952484142329258,0.00971424707829378,0.00340331790004169
40,8,31.4159265362084,6.49325340198035e-15,0.863774463587742,156.838830168924,157.702604632512,4.43722107461516,0,8.43645344952084,1.89841283436646,0.104286586070603,0.0105892844465814,0.00406743738324683
41,8.2,31.4159265358896,3.83243341155493e-15,1.12620673656555,156.578504214542,157.704710951108,4.43722107457618,0,9.64792612539097,1.88659949804179,0.127148076576571,0.0118005728776703,0.00489283309237754
42,8.4,31.4159265348951,3.98469498283112e-15,1.36897964340297,156.322537042516,157.691516685919,4.43722107440138,0,10.6453753427183,1.90250847533288,0.161338612467254,0.0130037356158897,0.00598519224928417
43,8.6,31.4159265354704,4.10983163683906e-15,1.56360726955929,156.10102883032,157.664636099879,4.43722107447343,0,11.3790992752584,1.98353169182453,0.203682995214906,0.0135977908252379,0.0074996617364428
44,8.8,31.415926536224,3.29155233369431e-15,1.68922799337019,155.939412726107,157.628640719477,4.43722107461736,0,11.8230123338333,2.15733132258293,0.253525441892766,0.0132726730163164,0.00959722240147701
45,9,31.4159265356601,4.63782196618345e-15,1.73695948223609,155.85295912693,157.589918609167,4.43722107449444,0,11.9766901332151,2.43726716024962,0.314165066474668,0.012152853017617,0.0124740318927455
46,9.2,31.4159265365785,2.79048381487057e-15,1.71128440898001,155.843811286044,157.555095695024,4.43722107468689,0,11.8653437108713,2.82226460755982,0.391806371055741,0.0105110718481588,0.0164432356810092
47,9.4,31.4159265362616,4.11138125623327e-15,1.62830039759316,155.901224643339,157.529525040932,4.43722107460485,0,11.5377429333569,3.30077856386005,0.492878805052357,0.00851384645164011,0.0219924195987167
48,9.6,31.4159265357407,4.20640755782537e-15,1.51163740453818,156.004665392825,157.516302797363,4.4372210745154,0,11.0622377616266,3.8572259804069,0.621427920838497,0.0063858370270616,0.0298067071343611
49,9.8,31.4159265355297,3.01021233547853e-15,1.38748992991068,156.128573673013,157.516063602924,4.43722107445725,0,10.5211585284852,4.47851390523963,0.777912454323044,0.0049098438008003,0.0408041446242026
50,10,31.4159265356368,3.08437099703682e-15,1.28033186046501,156.247200752223,157.527532612688,4.43722107447061,0,10.0040110341835,5.1583292529669,0.959538377868236,0.00588213493857878,0.0561884899212735
51,10.2,31.4159265355442,3.08834357551237e-15,1.21047650749514,156.33808609577,157.548562603265,4.43722107449974,0,9.60000304388646,5.89768868077871,1.16117749894392,0.0122835105812961,0.0774670957650517
52,10.4,31.4159265358089,2.62645111994831e-15,1.19387604325582,156.383360594497,157.577236637753,4.43722107459783,0,9.39052135757672,6.70161076903068,1.37577044550902,0.0282063313295441,0.106385671237197
53,10.6,31.4159265357973,3.10798282682021e-15,1.24368676241465,156.36892354429,157.612610306705,4.43722107458945,0,9.44220353901687,7.57320512853793,1.59396552032274,0.0585962704095113,0.14476124732493
54,10.8,31.4159265354007,3.37095270951404e-15,1.3724559109431,156.28235322278,157.654809133723,4.43722107454236,0,9.80120898585515,8.50747195865753,1.80386083728113,0.108680464467494,0.194222790066396
55,11,31.4159265357582,1.5003799245751e-15,1.5935589408838,156.110888400016,157.7044473409,4.43722107456991,0,10.4891969160534,9.487312359984,1.99212827684064,0.18298627601733,0.25594581887214
56,11.2,31.4159265352825,1.34640260615343e-15,1.92083085473852,155.840773835874,157.761604690612,4.43722107443206,0,11.5013764852786,10.4835790603226,2.1470560591722,0.284278119693664,0.330564494456529
57,11.4,31.4159265367399,6.59508960428017e-15,2.36607526262751,155.458701751245,157.824777013873,4.43722107462613,0,12.806817893487,11.4596646488397,2.26259638230005,0.413131165120592,0.418404431102799
58,11.6,31.4159265378686,8.45543071931643e-18,2.9350057247071,154.955223465882,157.890229190589,4.4372210749765,0,14.3510119021683,12.3795742857189,2.34138925006173,0.56864804195428,0.519960516454884
59,11.8,31.4159265378798,1.04110234921333e-15,3.62284378006909,154.329190669819,157.952034449888,4.43722107493235,0,16.0604513094407,13.2171892929218,2.39484264940539,0.75002127654176,0.6363718132163
60,12,31.4159265330071,-6.55359080268529e-16,4.41104707889784,153.591807484874,158.002854563772,4.4372210740205,0,17.8488036015521,13.9639259096831,2.43975125281234,0.95796809598777,0.769727559241108
61,12.2,31.4159265325769,2.40174147915853e-15,5.26642699919783,152.768863790658,158.035290789856,4.43722107392392,0,19.6240806169792,14.6324028767106,2.49279250219358,1.19520825227566,0.92323968305832
62,12.4,31.4159265361709,-1.52249643081142e-15,6.14333848768302,151.900138530073,158.043477017756,4.43722107459138,0,21.296120786098,15.254900177905,2.56536881570705,1.46601858455662,1.10133370725931
63,12.6,31.4159265426668,4.05115585431545e-16,6.98885295586548,151.035660774147,158.024513730012,4.43722107595859,0,22.7837001083789,15.8769063483722,2.6609598847143,1.77564515679212,1.30952470994778
64,12.8,31.4159265350813,-2.5933358180384e-15,7.75004204652685,150.229319428833,157.97936147536,4.4372210746932,0,24.0206774342689,16.5474048616188,2.77562605064139,2.13027981203897,1.55384429054647
65,13,31.4159265296734,-1.71237440373883e-15,8.38189228651396,149.531034485262,157.912926771776,4.43722107342963,0,24.9607285333157,17.3083404973051,2.9005300681784,2.53753755486042,1.83972323475666
66,13.2,31.4159265297525,2.0304742269291e-15,8.85411799560412,148.979157008067,157.833275003671,4.43722107326265,0,25.5803944058129,18.1857579571699,3.02436981147021,3.00668672643921,2.17040295671874
67,13.4,31.415926533328,-1.69071359931546e-15,9.15535705521786,148.594793190766,157.750150245984,4.43722107397459,0,25.880321907752,19.1844903872991,3.1339481731558,3.54790253642508,2.54492153883037
68,13.6,31.4159265418445,-2.25272366002974e-15,9.2938954821531,148.379290580448,157.673186062601,4.43722107558636,0,25.8846945053754,20.2872267052734,3.21245874811236,4.17041765920833,2.95560827737205
69,13.8,31.4159265511855,-1.66644498305735e-15,9.29496839455505,148.315303264704,157.610271659259,4.43722107708509,0,25.6389385425451,21.4576150084575,3.23660970451439,4.87997784059915,3.38513671829788
70,14,31.4159265455704,-2.0147209146212e-15,9.19552365498409,148.370935868495,157.566459523479,4.43722107764696,0,25.205866401928,22.6460745518719,3.17457973007293,5.67600644173355,3.80361273803678
71,14.2,31.4159265432029,-2.03600917449674e-15,9.03784234741224,148.505763560289,157.543605907701,4.4372210762035,0,24.6605018627957,23.7964468241113,2.98658413652163,6.54851433175591,4.16666657572401
72,14.4,31.4159265456244,-2.1918392367857e-15,8.86346898839638,148.677238261854,157.540707250251,4.43722106948624,0,24.0839328243214,24.8516708267026,2.62875913803201,7.47465277348658,4.41581165946434
73,14.6,31.4159265181674,-6.38647796266229e-16,8.70856692225144,148.846152108166,157.554719030418,4.43722110204576,0,23.5566394586257,25.7573063206119,2.05982324670439,8.41525433093749,4.48232362085507
74,14.8,31.4159265941866,-2.21397902705626e-17,8.60125152779412,148.980310954343,157.581562482137,4.4372210162531,0,23.1518300669517,26.4627383938132,1.24917840037777,9.31251311190117,4.29550771004362
75,15,31.4159263839664,7.1698859260822e-16,8.56087134346292,149.056160468545,157.617031812008,4.43722118145224,0,22.9293695590348,26.9209364561464,0.184980965572323,10.0905062481559,3.79527667301419
76,15.2,31.4159266857104,-1.0899589056277e-15,8.59871318720181,149.058692963809,157.657406151011,4.43722111970395,0,22.9308272830768,27.088250838755,1.11913465781879,10.6601790124672,2.94745840396125
77,15.4,31.4159271175394,6.06289641255407e-16,8.71940408848073,148.980243329281,157.699647417762,4.43722054195116,0,23.1761601176618,26.9258114595881,2.61983862331806,10.9294613735607,1.75839583592503
78,15.6,31.4159268181218,2.56140342822509e-15,8.92218533500019,148.819053047955,157.741238382955,4.437220406217,0,23.662283329828,26.4033098305759,4.24380924999433,10.8177822670078,0.284269993768182
79,15.8,31.4159242959804,-1.63493835844155e-16,9.20150624770766,148.578272434034,157.779778681742,4.43722144185502,0,24.3636820975008,25.5049433420981,5.89265521058758,10.2722747116112,1.36927318443918
80,16,31.4159167389636,-2.48646875346318e-15,9.54673090967474,148.265810357203,157.812541266877,4.4372235988472,0,25.2349735675697,24.2361478841183,7.45365268354267,9.28139248667986,3.05924904821306
81,16.2,31.4159014995848,2.58184015770561e-15,9.94117082333676,147.895040015755,157.836210839092,4.43722614252539,0,26.2151162174656,22.6290310799534,8.81526135330287,7.88133423835736,4.62731406284146
82,16.4,31.4158759939837,3.44699503904759e-15,10.3610584763935,147.485903967936,157.846962444329,4.43722769254684,0,27.2328537715258,20.7444494449481,9.88432345630405,6.15236819269878,5.92590305139448
83,16.6,31.4158418410018,2.98376250415582e-15,10.77521169861,147.065754096653,157.840965795263,4.43722577929962,0,28.2127980895198,18.6692959472258,10.6005698380616,4.20571509228971,6.84115985306381
84,16.8,31.4158144932918,4.76857021212118e-16,11.1461132459837,146.669140749603,157.815253995586,4.43721808009772,0,29.0815633300712,16.5087869852549,10.9442520496204,2.16517838090424,7.30692323626048
85,17,31.415824076379,-1.66899957424241e-15,11.4329139541678,146.335799790284,157.768713744452,4.43720628821351,0,29.7735251884429,14.3749325037632,10.9346068100156,0.149222399776246,7.30775437089691
86,17.2,31.4158939879245,6.28088819367961e-15,11.5963534936769,146.106503702505,157.702857196182,4.4371978080825,0,30.235883457784,12.3733669393713,10.6198747401219,1.74200653812106,6.87250553609026
87,17.4,31.4160157234641,3.61048887489175e-15,11.6047635365132,146.017363417589,157.622126954102,4.43720083617349,0,30.432582491889,10.5908939458215,10.0625832269121,3.43305902622644,6.06176751084718
88,17.6,31.4161510625049,5.02743545220775e-15,11.4397156835749,146.093896567333,157.533612250908,4.43721779493122,0,30.3466881949694,9.08584448308394,9.32518204085953,4.87400643023454,4.95298186976451
89,17.8,31.4162572739915,2.72489726406924e-16,11.0999286386542,146.346213361403,157.446142000057,4.43724452946799,0,29.9812286592208,7.88297385368319,8.46022823221783,6.03796226438922,3.62686838006006
90,18,31.4163091458507,1.0899589056277e-15,10.6024687521809,146.766398876098,157.368867628279,4.43727447038545,0,29.3587528967399,6.97386699252566,7.50688894658716,6.91694309374811,2.15793858346624
91,18.2,31.4163023086911,4.07372140978352e-15,9.98087380182522,147.328793055491,157.309666857316,4.43730248508007,0,28.5197972838524,6.32268887316119,6.49282025282768,7.5165308765257,0.610150997497299
92,18.4,31.4162442736323,3.58323990225106e-15,9.28053620066768,147.993286191344,157.273822392011,4.4373258734869,0,27.5202549261607,5.87591353621074,5.43859417025741,7.84954776965812,0.963137508939463
93,18.6,31.4161469307864,6.18551678943718e-15,8.55243487128106,148.71093653629,157.263371407571,4.43734519928429,0,26.4276517418139,5.57383998270919,4.36150390914417,7.92978742598058,2.51662655064325
94,18.8,31.4160139138806,5.55879041870126e-15,7.84673196089545,149.430468599064,157.277200559959,4.43736499324264,0,25.3164802195558,5.36140948094362,3.27687340575497,7.7676709393599,4.00922720921556
95,19,31.415829412483,2.83389315463201e-15,7.20759338129125,150.104160511456,157.311753892747,4.4373902845702,0,24.2628472547503,5.19609158959041,2.19722695725047,7.36894642727642,5.39974196563414
96,19.2,31.4155464059146,4.90481507532464e-15,6.67001445791555,150.692009674617,157.362024132533,4.43742209514961,0,23.3387665643213,5.05135528577462,1.13139249925199,6.73605252978341,6.64315561732321
97,19.4,31.4151161910693,7.49346747619042e-15,6.25860592802955,151.164093032295,157.422698960325,4.43745156810302,0,22.6062662762748,4.91535677168895,0.0856886008252568,5.87059997806579,7.68897450363515
98,19.6,31.4146020193792,6.24001473471857e-15,5.98772323264796,151.501725176294,157.489448408942,4.43745464373383,0,22.1115097068368,4.78579932823054,0.932240329971632,4.77596081472215,8.4826614780951
99,19.8,31.4143182916429,1.93467705748916e-15,5.86234382116904,151.697630127969,157.559973949138,4.43739873036439,0,21.8798759130611,4.66334696000891,1.90881213434292,3.46026938011836,8.97020243775619
100,20,31.4148487268181,-1.28070171411254e-15,5.87936814113616,151.754637791575,157.634005932711,4.43727221522568,0,21.9136549145964,4.54700766658028,2.82235781624643,1.94079324321383,9.10465426024431
101,20.2,31.4167202793005,-3.29712568952378e-15,6.02965310781639,151.681498038792,157.711151146609,4.43712014439705,0,22.1944510857434,4.43489843700311,3.64646074399158,0.250128970287027,8.85272972231848
102,20.4,31.4192345946836,-1.52594246787878e-15,6.30293858744394,151.481893551324,157.784832138768,4.43707063772568,0,22.6939349994125,4.33380094048393,4.36128691631781,1.55559571588022,8.19888494674865
103,20.6,31.4197027021917,1.36840934479977e-15,6.69127487724533,151.147756739969,157.839031617214,4.43716457562566,0,23.3829649649767,4.2681452388057,4.96315800201991,3.39459644785985,7.14931224764609
104,20.8,31.416662097308,7.83407963419908e-15,7.1736588544949,150.689696173258,157.863355027753,4.43721901236654,0,24.2089397120123,4.25861923549424,5.44555329290555,5.18423323659692,5.74877484757766
105,21,31.4125433061839,-5.23180274701295e-15,7.70181351823616,150.16209344181,157.863906960047,4.43714634480819,0,25.0794615184663,4.3042317012223,5.78122157230351,6.86516251144711,4.08921012099997
106,21.2,31.4100525225448,-9.42814453367958e-15,8.21820288223893,149.629867348183,157.848070230422,4.43700700842471,0,25.8987399671886,4.41173882034856,5.94497304782398,8.38865744247927,2.28629985593621
107,21.4,31.4091874110588,4.63232534891771e-16,8.6757660768094,149.139203439775,157.814969516584,4.43687265953271,0,26.59769902947,4.61496539794949,5.93596028836669,9.70373575302859,0.453432390409734
108,21.6,31.4089612864775,-3.21537877160171e-15,9.03409845685803,148.728529825072,157.76262828193,4.4368589452697,0,27.1225657468161,4.95745839015272,5.7650315575175,10.7712910297278,1.30417149065072
109,21.8,31.4100803851619,3.14725633999998e-15,9.25413938924588,148.443990856074,157.698130245319,4.43707479310342,0,27.4227287877273,5.46620665715552,5.43652900175487,11.5823396654377,2.88664312301751
110,22,31.4149043142816,-1.36926087519479e-15,9.30278155874596,148.333807761458,157.636589320204,4.43751466069316,0,27.4536345549578,6.14675616150872,4.95062735834579,12.1548303689804,4.20908383081809
111,22.2,31.4211611124756,-2.32297491761903e-15,9.19138785801913,148.389834677093,157.581222535112,4.43762946204184,0,27.2288906937593,7.02663117244157,4.35148012029633,12.4842063832932,5.25508172201731
112,22.4,31.4216449923427,-1.49869349523808e-16,8.97095599296924,148.546160668869,157.517116661839,4.43694831399237,0,26.8130902395569,8.14786705049169,3.71936415261253,12.5561461124436,6.06463091429932
113,22.6,31.4137660262247,4.35983562251079e-15,8.68756942444525,148.748439426535,157.43600885098,4.43731869545672,0,26.2638567792479,9.49806918330887,3.0931349954594,12.3844966752185,6.65136772660017
114,22.8,31.4106237001965,-1.90742808484847e-16,8.30345828565075,149.087503985165,157.390962270815,4.43786158587781,0,25.5161921249138,10.9272496477059,2.38537632483797,12.123417905823,6.92962904790804
115,23,31.4177090262449,2.97013801783548e-15,7.83124670236211,149.577752103589,157.408998805951,4.43624811831793,0,24.5809992318099,12.3350562860074,1.57333481765864,11.8240017307428,6.9206733937635
116,23.2,31.4214079316526,-2.1526688386147e-15,7.39161156105166,150.044746834142,157.436358395194,4.43647804445498,0,23.6416250835529,13.7820737402594,0.777672471195305,11.3907972381857,6.78343610257959
117,23.4,31.413015765095,6.26726370735926e-15,7.06259026441556,150.361132355415,157.423722619831,4.43920134135766,0,22.8351653702286,15.2906899844823,0.0755194791977841,10.7731706085672,6.61313266863833
118,23.6,31.4110653580603,-3.9783500055411e-15,6.78613489647293,150.672180710805,157.458315607278,4.43763963176511,0,22.0939508421339,16.6816317899807,0.68015910695203,10.1400649459561,6.27780573562544
119,23.8,31.4162216678334,2.39790959238093e-15,6.56955439338702,150.966534394729,157.536088788116,4.43555881377425,0,21.4535517292505,17.9013938316148,1.50565089071108,9.5147669530724,5.8253739881723
120,24,31.4223900063003,5.0410599385281e-15,6.4527040994772,151.169531632966,157.622235732443,4.43598178587589,0,21.0024830894109,18.9815480452523,2.34350656141127,8.85517963801917,5.33807271675829
121,24.2,31.4246627903262,3.71267252229434e-15,6.47452295616667,151.218473597525,157.692996553692,4.43746213676725,0,20.8322013044013,19.9437706135151,3.14025642272811,8.11542745261713,4.88104260949148
122,24.4,31.4240452078456,3.44699503904759e-15,6.64341258993233,151.099436657833,157.742849247766,4.43813614690958,0,20.9706305844912,20.788445714576,3.86375893342537,7.29567880416234,4.47972829741646
123,24.6,31.417838323194,-7.83407963419907e-16,6.93537049621236,150.827104544251,157.762475040463,4.43764507024742,0,21.3786367400388,21.4656416332677,4.57799445075897,6.46070457939967,4.13075938535132
124,24.8,31.4152017005994,2.11179537965366e-15,7.29346661975113,150.502991058879,157.79645767863,4.43657121768176,0,21.9384260280529,21.9773843856572,5.24800253592798,5.59268177626516,3.7965874946828
125,25,31.4117853381866,8.01119795636358e-15,7.73202861449339,150.082477969137,157.814506583631,4.43582373853234,0,22.6877560931509,22.2313363382041,5.92863028503741,4.79449404344522,3.50059498639112
126,25.2,31.4173889595086,5.17730480173156e-15,8.18425287373223,149.677267588461,157.861520462194,4.43656836094214,0,23.47187467938,22.3279696686304,6.56048073222254,3.99537124686968,3.22313646292439
127,25.4,31.4212337476035,1.28887640590475e-14,8.62892847280627,149.254445687597,157.883374160403,4.43737086845462,0,24.2719873078366,22.1893407977804,7.07978546047616,3.23088427298387,2.9552322370425
128,25.6,31.4288723186949,1.06815972751514e-14,9.05795909490946,148.844692805681,157.902651900591,4.43874616949575,0,25.0382361767164,21.9618377152827,7.56838885089677,2.55481540512721,2.738212704336
129,25.8,31.4308371420391,2.58865240086578e-15,9.40214406856174,148.473145724703,157.875289793265,4.43989205856562,0,25.6666494681499,21.6368278435315,7.94157525961342,1.97218422834614,2.50368247399625
130,26,31.4380002607416,7.08473288658003e-16,9.66039075537772,148.188056282086,157.848447037464,4.44076520754722,0,26.1479828915057,21.2928108280139,8.23229687557316,1.53399305639623,2.34045272374924
131,26.2,31.4420302251807,8.17469179220773e-15,9.79147768944273,148.00589075883,157.797368448273,4.44106242052567,0,26.405125709724,21.0268350030446,8.47015965713177,1.18938760934951,2.23005282513847
132,26.4,31.4421908839567,2.58865240086578e-15,9.80613178953671,147.920785820135,157.726917609672,4.4411605665895,0,26.4656752259719,20.8270334663175,8.60843611504853,0.960198262794564,2.23307847306048
133,26.6,31.4401184943711,6.26726370735926e-16,9.70010145020806,147.948022330585,157.648123780793,4.44227329991473,0,26.3141775729401,20.7364621099173,8.70176427168071,0.883377090180678,2.33048831303862
134,26.8,31.4286094130043,1.41694657731601e-15,9.41535729663071,148.118278755717,157.533636052348,4.44342572117849,0,25.8641404012062,20.6981136527396,8.7682552033701,0.953661155691718,2.46934193707535
135,27,31.4352141990116,1.59678979674458e-14,9.02619411215666,148.474861217095,157.501055329251,4.44273927107179,0,25.2251483414388,20.6853446227539,8.89067826294534,1.05899643281683,2.62614169280804
136,27.2,31.4326437622552,1.01774912812986e-14,8.47453967435101,148.971412335587,157.445952009938,4.44261736448296,0,24.3035346639621,20.6308690210869,8.88689962013404,1.32574949015906,2.81197620375801
137,27.4,31.4434042332477,-1.81205668060605e-15,7.91907629355898,149.540165193695,157.459241487254,4.44323166882913,0,23.3354421403081,20.5829301985128,8.91779698243832,1.50587622187918,2.93531624019351
138,27.6,31.4462137028889,-7.42023586221856e-15,7.3544072274552,150.107781430559,157.462188658015,4.44343894043114,0,22.3302485711062,20.4456558413402,8.91935468301339,1.63936638928729,3.06880520187123
139,27.8,31.4326632578315,4.79581918476187e-15,6.83976848473195,150.570168409969,157.409936894701,4.44057166355318,0,21.4097639544371,20.1748632596857,8.88449655602878,1.76061941994579,3.09024935182287
140,28,31.4318187511092,3.17705990382573e-15,6.36642976698757,151.066446755585,157.432876522572,4.4394951942937,0,20.5486113696469,19.8569361041567,8.78621491876177,1.79613314934586,3.01103978762652
141,28.2,31.4241478657198,4.77878857686144e-15,5.96200667383933,151.46930560267,157.43131227651,4.43897076870616,0,19.8286305307804,19.4343539672948,8.56250414448462,1.6779318858999,2.76166554870497
142,28.4,31.4135895985782,-6.73986307659627e-15,5.67815575883435,151.739079554521,157.417235313355,4.4361748615746,0,19.3806462026547,18.8545405782849,8.37959367666614,1.38554797574186,2.52415421742294
143,28.6,31.3809785512591,-5.24542723333329e-15,5.59310174114662,151.697509821478,157.290611562625,4.43144422541216,0,19.3401902004766,18.3596677917814,8.0067888511412,0.831664882292991,2.24604074790593
144,28.8,31.4396374886379,-7.68421028467527e-15,5.26282836953202,152.388685099675,157.651513469207,4.44419680194905,0,18.9005763692131,17.1578276980716,8.12427496771543,0.716631104456418,1.43142871926139
145,29,31.4127440484023,-1.03069239013419e-14,5.2604044756401,152.339135858405,157.599540334045,4.43870483043434,0,19.1310029209448,16.1765797275395,7.81706319863234,0.209546744138269,0.826629970611141
146,29.2,31.425933718102,-5.76996995666662e-15,5.39172444390483,152.279928248223,157.671652692128,4.43677571968133,0,19.6146162409889,15.2625879161721,7.53373019224475,0.420518461937621,0.134634666934134
147,29.4,31.4005340478991,1.02864871718614e-14,5.62684534244705,151.999735403391,157.626580745838,4.42996669620239,0,20.3092620269424,14.246527224047,7.1415428251304,0.834635609747285,0.630560906146433
148,29.6,31.422340531586,-2.20716678389609e-15,5.79931371732415,151.982540261381,157.781853978705,4.44141409695673,0,20.8882683326614,12.8986363648604,6.84360494916327,1.37442312352408,1.29061761162819
149,29.8,31.3944527505834,-7.56158990779215e-15,6.28739828099319,151.392403814391,157.679802095384,4.43470982993535,0,21.9605102837989,12.2087872303078,6.02859256493984,1.82134065007211,1.81259263309055
150,30,31.4169580230645,-1.23914703083549e-14,6.50286474998687,151.256575191134,157.759439941121,4.43483770226133,0,22.5387421033656,10.8882665037655,5.71413243307817,2.07639702575573,2.20667894788772
151,30.2,31.4401661902659,5.09555788380949e-15,6.75575735201647,151.089253367809,157.845010719826,4.44232686773476,0,23.1376620926196,9.73722932921588,5.4033971172997,2.13796660719168,2.35848747497039
152,30.4,31.4120871570112,-9.70063426008651e-15,7.18708484304796,150.554307261915,157.741392104963,4.43773567697987,0,23.9875036859652,9.00444128274389,4.86152720348981,2.27029350220375,2.01738311722011
153,30.6,31.3547504805104,-2.39109734922076e-14,7.66905074918526,149.853130213659,157.522180962844,4.42434514556714,0,24.8556398551523,8.69005140707843,4.14935363933237,2.36544929719223,1.47548644566023
154,30.8,31.4028873358698,2.03822315352379e-14,7.58467141224261,150.013474213807,157.598145626049,4.43575704170895,0,24.7791469204501,7.98630320330287,4.02717354897241,2.03507160702507,0.920306798008145
155,31,31.423263169584,4.6868232941991e-15,7.46475835631138,150.126056610465,157.590814966776,4.43923460808837,0,24.6269900603667,7.36183869100826,4.12171169829701,1.48952412837827,0.170698467568507
156,31.2,31.4436840129653,1.58044041316016e-14,7.35445828806898,150.247691009019,157.602149297088,4.44440438894987,0,24.4484077915804,7.31173081943936,3.95719116171336,0.862929028573473,0.496414851295121
157,31.4,31.4615469336665,9.11478134831162e-15,7.20078505466288,150.432210650504,157.632995705167,4.44695889608213,0,24.1676852689255,7.57128401038482,3.79841856960438,0.225097600641382,1.19341574991366
158,31.6,31.4409466740934,-3.48105625484846e-14,6.93850690861043,150.590008841582,157.528515750192,4.44244685184187,0,23.6858943333623,7.86324137539649,3.747629526794,0.616613402248541,1.92554520006339
159,31.8,31.4402885513866,1.89039747694804e-15,6.6377614425247,150.865876244229,157.503637686754,4.44304506427568,0,23.1043852498196,8.4183763049974,3.43293794929199,1.31417384094218,2.35731185336632
160,32,31.4446846410651,1.41354045573592e-15,6.35830973867583,151.160199257257,157.518508995933,4.44401172777676,0,22.5378678294062,8.97105624858233,3.30457010465072,2.07162229426868,2.49210158039031
161,32.2,31.4062936194608,7.28910018138523e-16,6.02132193492442,151.382044748687,157.403366683612,4.43558953024002,0,21.841831018421,9.5238921862231,2.9330592715013,2.99576891921731,2.83142925621316
162,32.4,31.4427591884285,-8.66517329974019e-15,5.86604999294121,151.687761373807,157.553811366748,4.4417589214909,0,21.4635503175355,10.1790121899258,2.89555698010961,3.19089067985298,2.94149613729651
163,32.6,31.4410430555624,-1.31476292991341e-15,5.72334673051136,151.857592769717,157.580939500229,4.44255002964027,0,21.075079377822,11.0218541995407,2.75550803823769,3.55854989656531,3.21777174440587
164,32.8,31.4226876923927,-4.31078747175754e-14,5.66537461383855,151.908039207163,157.573413821002,4.43723240753659,0,20.8792064382089,11.6364723693606,2.5093278502817,3.4426468208094,3.56852059073427
165,33,31.4142855112957,-1.04942605882467e-14,5.86551248714771,151.767150737637,157.632663224784,4.43316871782079,0,21.1845710885175,12.3394520751698,2.00269213362763,3.41386424158576,3.67919688897428
166,33.2,31.3881723954721,-9.40089556103889e-16,6.18192980964718,151.423841958106,157.605771767754,4.4292797097132,0,21.7369498425314,12.7855393659959,1.90368589880589,3.20644139597934,4.05410005691704
167,33.4,31.4239105406056,7.0166104549783e-15,6.24881433575358,151.509453815219,157.758268150973,4.43836815727791,0,21.8329133285316,12.9893660358619,2.27494757795731,3.5969589960774,3.71994702193163
168,33.6,31.3720997264036,-1.85463320035713e-14,6.64671895935485,150.974394854024,157.621113813379,4.43004572561498,0,22.5022410141704,13.4862474265835,2.83517715687109,3.43334064729568,4.00424461610219
169,33.8,31.4017367420257,-1.53956695419912e-15,6.9780540712041,150.772478559276,157.750532630481,4.43588470698171,0,23.1084541220688,13.4050608602643,3.34547015774822,3.86808607718648,3.74057807015913
170,34,31.4493161264617,1.0899589056277e-15,7.72840150228047,150.273367417893,158.001768920173,4.44289153693566,0,24.4008797239039,13.5556064344372,3.30081225724104,3.95336318408426,4.37940901138276
171,34.2,31.3680910681173,-9.00578545774885e-15,8.54295243388003,149.257271200142,157.800223634022,4.42376565542207,0,25.7434372247834,13.5724474515827,3.40358683758722,4.04274099946347,5.23548801076522
172,34.4,31.4019144030619,3.09003349745452e-14,9.01338639038724,148.872740083306,157.886126473693,4.43218243684086,0,26.4750707115918,13.6258240316254,4.10570810935063,4.382091009955,4.93675617948146
173,34.6,31.3683196516348,-9.33277312943716e-15,9.04413303500406,148.550840171896,157.5949732069,4.42427888658756,0,26.5244415643491,13.3939205265701,4.63905526373653,5.24043682780603,5.71168576778005
174,34.8,31.4806137875578,9.92543828437222e-15,10.0636420088183,148.066820123423,158.130462132242,4.45223673018524,0,28.105267000213,13.2075129176218,4.61330047365074,5.43227052836687,5.62242931921319
175,35,31.3786894819194,1.3576800618225e-14,10.2973074528253,147.289583753265,157.58689120609,4.43358969837698,0,28.309890000625,14.2911455408136,4.52431263225704,5.76252496145657,6.38721277206258
176,35.2,31.4078532825742,2.80664418199132e-14,11.4931703133271,146.343689552924,157.836859866251,4.43872995061171,0,30.0152895414451,14.5517461749477,3.61345864083395,5.20689294527849,6.05462576671129
177,35.4,31.3986443450658,3.85027983412984e-14,11.325431800979,146.326485734829,157.651917535808,4.43727867284504,0,29.7201123771652,15.0554010024802,3.45522415388799,5.79260977640792,5.36562810667742
178,35.6,31.4918110415267,1.57499061863202e-14,10.8846500944521,146.980848510452,157.865498604904,4.45322355424706,0,29.1236984519301,14.799368524464,3.42101117634613,6.8816756131711,3.97492243700911
179,35.8,31.3661107540764,-4.64050004070992e-14,10.9057352267657,146.41419535822,157.319930584985,4.42315913172426,0,29.0287456449929,15.8697454127416,1.99354024023794,7.00171023502774,3.80823512903375
180,36,31.4121221249192,1.78208281070129e-14,11.2333274290636,146.245095934595,157.478423363659,4.4386587659632,0,29.3528710910875,17.0380029160944,1.18216724108599,6.25188388547059,2.84768124555318
181,36.2,31.4907327783926,-1.09431874125021e-13,10.245974738736,147.444838052578,157.690812791314,4.45098862830952,0,27.8763089007665,17.2472803498152,0.980659289459978,6.92810948585165,1.22967681826416
182,36.4,31.3958362773239,-3.00283678500431e-14,10.3710391921478,146.900434618037,157.271473810185,4.43149994772826,0,27.8755413057372,18.4579121951716,0.458946312261662,6.27711881170142,0.857704021587762
183,36.6,31.4569653883353,-1.06509421809307e-13,9.52181161556925,148.018877805518,157.540689421087,4.44363977419264,0,26.5755526869815,18.3911006566978,0.649244999206167,6.7049047366703,0.446646498163045
184,36.8,31.4400319568454,-1.78208281070129e-13,9.17125363336987,148.355850460702,157.527104094072,4.44410700170721,0,25.9226052888449,18.8847802235231,1.27076473200277,6.76198482189707,1.08219278323301
185,37,31.4243824676116,3.56416562140257e-14,8.79491042224785,148.635272273816,157.430182696063,4.44021808236121,0,25.2370613600156,19.2265447157386,1.69968588043986,6.86996963269241,1.44747406039292
186,37.2,31.3815073037289,-5.4661439117229e-14,8.64539363826245,148.626160177959,157.271553816221,4.43089839410883,0,24.9681038596406,19.3319952257308,1.88210201875238,6.76330778491559,1.2514741551397
187,37.4,31.4222682182171,-6.71959665319476e-14,8.12370650843904,149.382638255798,157.506344764237,4.44068597405147,0,24.1187607804395,19.1087179126751,1.38790722895802,7.03673391378931,0.984709767426511
188,37.6,31.3886399761516,1.12429261115497e-13,7.81603698048331,149.661000800625,157.477037781109,4.43131355187242,0,23.6749599509096,18.5767139281423,0.80045738734004,7.45374585528074,0.903325074579514
189,37.8,31.447370907019,-1.14718174817315e-13,7.69990667965794,150.053424768655,157.753331448313,4.44717565048205,0,23.5161315586652,18.3169465558833,0.492808729655375,7.58760638682133,0.609431472549412
190,38,31.3861958069627,1.22838368664242e-13,8.03048781655746,149.455028262372,157.48551607893,4.43151089792435,0,24.2318615667853,17.6294345790173,0.740273958823969,7.20027129313997,0.527405214847503
191,38.2,31.3589417631788,1.92922726296102e-14,8.20229753882969,149.179868243512,157.382165782342,4.42839785808837,0,24.6252128373471,17.0550700062655,0.940679012396921,7.3065337084764,0.508728813583105
192,38.4,31.406916798215,-1.25706323034674e-13,8.12435286541592,149.558752410265,157.683105275681,4.43502199842489,0,24.7299891031714,15.6737285937095,0.991079211343072,7.14594526764631,0.978874787173314
193,38.6,31.4156353439698,4.10695664110121e-13,8.21867546182284,149.522298162634,157.740973624457,4.43744446417081,0,25.1081565867626,14.2145252578743,1.06423571345678,7.02352758864472,1.06231139948866
194,38.8,31.4281919141111,-1.51231798155843e-13,8.7894407839127,148.926703883348,157.716144667261,4.442995137715,0,26.1620155247763,13.305172363265,1.91583824545049,6.31462656027531,0.586473994078484
195,39,31.4312947413907,-2.90950905370993e-13,8.68287516799678,149.121817749624,157.804692917621,4.4392235975117,0,26.2349187831202,11.2863348169027,2.073355877325,5.68160620188019,0.15888586363093
196,39.2,31.3383491144294,9.73878282178348e-14,9.20357117212469,148.198076102772,157.401647274897,4.42442656431371,0,27.1110014188183,10.5415543698074,3.34026293523271,5.27342333261663,1.18398678176196
197,39.4,31.4298568005609,-1.38588274850562e-13,9.20692696572414,148.486716354586,157.69364332031,4.44201575377865,0,27.2756533373562,8.56705800418542,3.32673716939263,5.86250742132374,1.59534751017149
198,39.6,31.4273359817102,3.32437466216448e-14,8.98447298851642,148.59166875964,157.576141748156,4.44105671491057,0,27.0383866973566,7.08553512011655,3.35303573943743,5.88691539280619,2.14615640473709
199,39.8,31.3439385165163,-1.19786483728484e-13,9.04747837663109,148.099692554424,157.147170931055,4.4251374529209,0,27.1701344706951,6.4385079656565,3.43278093851496,6.23195444926732,2.89817680397416
200,40,31.4731275231043,-2.06901449260778e-13,8.47296956410814,149.226749500324,157.699719064433,4.44693977940098,0,26.3515755493115,5.07545746614924,2.54345131019815,7.23919749402294,2.78768370884537
